block,branch,stage,regime,tail_start_lag,tail_mass_median,tail_mass_q25,tail_mass_q75,n_curves
1,long,1,calm,32,0.4086371233959209,0.3784637843492321,0.4385617608897121,640
1,long,1,turbulent,32,0.3382863847562491,0.3085509156322626,0.36839381720053,640
1,long,2,calm,32,0.36839381720053,0.3382863847562491,0.398594986194316,640
1,long,2,turbulent,32,0.2987710839402875,0.2699749025792479,0.3283191792007567,640
1,short,1,calm,32,0.2605914764604714,0.233223788436713,0.2890748725594086,640
1,short,1,turbulent,32,0.2157206285205255,0.1907379382581615,0.2422066347329467,640
1,short,2,calm,32,0.224392377365685,0.1988864977567854,0.2513322308626044,640
1,short,2,turbulent,32,0.1827766269527838,0.1600672002244079,0.2072162705594227,640
2,long,1,calm,32,0.36839381720053,0.3382863847562491,0.398594986194316,640
2,long,1,turbulent,32,0.3134688949935243,0.2842613924807156,0.3432861213731915,640
2,long,2,calm,32,0.3283191792007567,0.2987710839402874,0.3583341194602414,640
2,long,2,turbulent,32,0.2747101354801936,0.2467521486458746,0.3036512046569969,640
2,short,1,calm,32,0.2287886280807191,0.2030291331444166,0.2559457312102594,640
2,short,1,turbulent,32,0.1947891749743193,0.1711974325914146,0.2200360500013736,640
2,short,2,calm,32,0.1947891749743193,0.1711974325914146,0.2200360500013736,640
2,short,2,turbulent,32,0.1637265639949811,0.1425464959626243,0.1867335232176171,640
3,long,1,calm,32,0.3382863847562491,0.3085509156322626,0.36839381720053,640
3,long,1,turbulent,32,0.2987710839402874,0.2699749025792478,0.3283191792007567,640
3,long,2,calm,32,0.2987710839402875,0.2699749025792479,0.3283191792007567,640
3,long,2,turbulent,32,0.2605914764604714,0.233223788436713,0.2890748725594086,640
3,short,1,calm,32,0.211447063118849,0.1867335232176171,0.2376968147681546,640
3,short,1,turbulent,32,0.1827766269527838,0.1600672002244079,0.2072162705594227,640
3,short,2,calm,32,0.1788679074762395,0.1564591182272149,0.2030291331444166,640
3,short,2,turbulent,32,0.1529026929715322,0.1326648118569679,0.1750079832147193,640
4,long,1,calm,32,0.3184038171902941,0.2890748725594086,0.3482948594550796,640
4,long,1,turbulent,32,0.2890748725594088,0.2605914764604715,0.3184038171902941,640
4,long,2,calm,32,0.2794727205226244,0.2513322308626044,0.3085509156322626,640
4,long,2,turbulent,32,0.2513322308626044,0.224392377365685,0.2794727205226244,640
4,short,1,calm,32,0.1947891749743193,0.1711974325914146,0.2200360500013736,640
4,short,1,turbulent,32,0.1711974325914146,0.1493982586065424,0.1947891749743193,640
4,short,2,calm,32,0.1637265639949811,0.1425464959626243,0.1867335232176171,640
4,short,2,turbulent,32,0.1425464959626243,0.1232612617503538,0.1637265639949811,640
