seed,block,branch,stage,rho_w_median_channel_pair,rho_w_q25_channel_pair,rho_w_q75_channel_pair
42,1,long,1,0.554,0.514,0.5940000000000001
123,1,long,1,0.5673333333333334,0.5273333333333333,0.6073333333333334
456,1,long,1,0.5806666666666667,0.5406666666666666,0.6206666666666667
789,1,long,1,0.594,0.5539999999999999,0.634
1024,1,long,1,0.6073333333333333,0.5673333333333332,0.6473333333333333
2048,1,long,1,0.6206666666666667,0.5806666666666667,0.6606666666666667
3072,1,long,1,0.634,0.594,0.674
4096,1,long,1,0.6473333333333333,0.6073333333333333,0.6873333333333334
5120,1,long,1,0.6606666666666666,0.6206666666666666,0.7006666666666667
6144,1,long,1,0.6739999999999999,0.6339999999999999,0.714
42,1,long,2,0.321,0.281,0.361
123,1,long,2,0.3343333333333333,0.2943333333333333,0.3743333333333333
456,1,long,2,0.3476666666666667,0.3076666666666667,0.3876666666666666
789,1,long,2,0.361,0.321,0.4009999999999999
1024,1,long,2,0.3743333333333333,0.3343333333333333,0.4143333333333333
2048,1,long,2,0.3876666666666666,0.3476666666666667,0.4276666666666666
3072,1,long,2,0.401,0.361,0.441
4096,1,long,2,0.4143333333333333,0.3743333333333333,0.4543333333333333
5120,1,long,2,0.4276666666666666,0.3876666666666666,0.4676666666666666
6144,1,long,2,0.441,0.401,0.481
42,1,short,1,0.492,0.452,0.532
123,1,short,1,0.5053333333333334,0.4653333333333334,0.5453333333333334
456,1,short,1,0.5186666666666667,0.4786666666666667,0.5586666666666668
789,1,short,1,0.532,0.492,0.5720000000000001
1024,1,short,1,0.5453333333333334,0.5053333333333334,0.5853333333333335
2048,1,short,1,0.5586666666666668,0.5186666666666667,0.5986666666666668
3072,1,short,1,0.5720000000000001,0.532,0.6120000000000001
4096,1,short,1,0.5853333333333335,0.5453333333333334,0.6253333333333335
5120,1,short,1,0.5986666666666668,0.5586666666666668,0.6386666666666668
6144,1,short,1,0.6120000000000001,0.5720000000000001,0.6520000000000001
42,1,short,2,0.181,0.141,0.221
123,1,short,2,0.1943333333333333,0.1543333333333333,0.2343333333333333
456,1,short,2,0.2076666666666666,0.1676666666666666,0.2476666666666666
789,1,short,2,0.2209999999999999,0.1809999999999999,0.2609999999999999
1024,1,short,2,0.2343333333333333,0.1943333333333333,0.2743333333333333
2048,1,short,2,0.2476666666666666,0.2076666666666666,0.2876666666666666
3072,1,short,2,0.261,0.221,0.301
4096,1,short,2,0.2743333333333333,0.2343333333333333,0.3143333333333333
5120,1,short,2,0.2876666666666666,0.2476666666666666,0.3276666666666666
6144,1,short,2,0.301,0.261,0.3409999999999999
42,2,long,1,0.5269999999999999,0.4869999999999999,0.567
123,2,long,1,0.5403333333333332,0.5003333333333332,0.5803333333333333
456,2,long,1,0.5536666666666666,0.5136666666666666,0.5936666666666667
789,2,long,1,0.567,0.5269999999999999,0.607
1024,2,long,1,0.5803333333333333,0.5403333333333332,0.6203333333333333
2048,2,long,1,0.5936666666666667,0.5536666666666666,0.6336666666666667
3072,2,long,1,0.607,0.567,0.647
4096,2,long,1,0.6203333333333333,0.5803333333333333,0.6603333333333333
5120,2,long,1,0.6336666666666667,0.5936666666666667,0.6736666666666667
6144,2,long,1,0.647,0.607,0.687
42,2,long,2,0.274,0.234,0.314
123,2,long,2,0.2873333333333333,0.2473333333333333,0.3273333333333333
456,2,long,2,0.3006666666666667,0.2606666666666667,0.3406666666666667
789,2,long,2,0.314,0.274,0.354
1024,2,long,2,0.3273333333333333,0.2873333333333334,0.3673333333333333
2048,2,long,2,0.3406666666666667,0.3006666666666667,0.3806666666666666
3072,2,long,2,0.354,0.314,0.3939999999999999
4096,2,long,2,0.3673333333333333,0.3273333333333333,0.4073333333333333
5120,2,long,2,0.3806666666666667,0.3406666666666667,0.4206666666666667
6144,2,long,2,0.394,0.354,0.434
42,2,short,1,0.438,0.398,0.478
123,2,short,1,0.4513333333333333,0.4113333333333334,0.4913333333333333
456,2,short,1,0.4646666666666667,0.4246666666666667,0.5046666666666667
789,2,short,1,0.478,0.438,0.518
1024,2,short,1,0.4913333333333333,0.4513333333333333,0.5313333333333333
2048,2,short,1,0.5046666666666667,0.4646666666666667,0.5446666666666667
3072,2,short,1,0.518,0.478,0.558
4096,2,short,1,0.5313333333333334,0.4913333333333334,0.5713333333333335
5120,2,short,1,0.5446666666666667,0.5046666666666667,0.5846666666666668
6144,2,short,1,0.558,0.518,0.5980000000000001
42,2,short,2,0.1129999999999999,0.0729999999999999,0.153
123,2,short,2,0.1263333333333333,0.0863333333333333,0.1663333333333333
456,2,short,2,0.1396666666666666,0.0996666666666666,0.1796666666666666
789,2,short,2,0.1529999999999999,0.1129999999999999,0.1929999999999999
1024,2,short,2,0.1663333333333333,0.1263333333333333,0.2063333333333333
2048,2,short,2,0.1796666666666666,0.1396666666666666,0.2196666666666666
3072,2,short,2,0.1929999999999999,0.1529999999999999,0.2329999999999999
4096,2,short,2,0.2063333333333333,0.1663333333333333,0.2463333333333333
5120,2,short,2,0.2196666666666666,0.1796666666666666,0.2596666666666666
6144,2,short,2,0.2329999999999999,0.1929999999999999,0.2729999999999999
42,3,long,1,0.412,0.372,0.4519999999999999
123,3,long,1,0.4253333333333333,0.3853333333333333,0.4653333333333333
456,3,long,1,0.4386666666666666,0.3986666666666666,0.4786666666666666
789,3,long,1,0.452,0.412,0.492
1024,3,long,1,0.4653333333333333,0.4253333333333333,0.5053333333333333
2048,3,long,1,0.4786666666666667,0.4386666666666667,0.5186666666666667
3072,3,long,1,0.492,0.452,0.532
4096,3,long,1,0.5053333333333334,0.4653333333333334,0.5453333333333334
5120,3,long,1,0.5186666666666667,0.4786666666666667,0.5586666666666668
6144,3,long,1,0.532,0.492,0.5720000000000001
42,3,long,2,0.236,0.1959999999999999,0.2759999999999999
123,3,long,2,0.2493333333333333,0.2093333333333333,0.2893333333333333
456,3,long,2,0.2626666666666666,0.2226666666666666,0.3026666666666666
789,3,long,2,0.2759999999999999,0.2359999999999999,0.3159999999999999
1024,3,long,2,0.2893333333333333,0.2493333333333333,0.3293333333333333
2048,3,long,2,0.3026666666666666,0.2626666666666666,0.3426666666666666
3072,3,long,2,0.3159999999999999,0.2759999999999999,0.3559999999999999
4096,3,long,2,0.3293333333333333,0.2893333333333333,0.3693333333333333
5120,3,long,2,0.3426666666666667,0.3026666666666667,0.3826666666666666
6144,3,long,2,0.356,0.316,0.3959999999999999
42,3,short,1,0.361,0.321,0.4009999999999999
123,3,short,1,0.3743333333333333,0.3343333333333333,0.4143333333333333
456,3,short,1,0.3876666666666666,0.3476666666666667,0.4276666666666666
789,3,short,1,0.4009999999999999,0.361,0.4409999999999999
1024,3,short,1,0.4143333333333333,0.3743333333333333,0.4543333333333333
2048,3,short,1,0.4276666666666666,0.3876666666666666,0.4676666666666666
3072,3,short,1,0.4409999999999999,0.4009999999999999,0.4809999999999999
4096,3,short,1,0.4543333333333333,0.4143333333333333,0.4943333333333333
5120,3,short,1,0.4676666666666667,0.4276666666666667,0.5076666666666667
6144,3,short,1,0.481,0.441,0.521
42,3,short,2,0.0579999999999999,0.0179999999999999,0.098
123,3,short,2,0.0713333333333333,0.0313333333333333,0.1113333333333333
456,3,short,2,0.0846666666666666,0.0446666666666666,0.1246666666666666
789,3,short,2,0.0979999999999999,0.0579999999999999,0.1379999999999999
1024,3,short,2,0.1113333333333333,0.0713333333333333,0.1513333333333333
2048,3,short,2,0.1246666666666666,0.0846666666666666,0.1646666666666666
3072,3,short,2,0.1379999999999999,0.0979999999999999,0.178
4096,3,short,2,0.1513333333333333,0.1113333333333333,0.1913333333333333
5120,3,short,2,0.1646666666666666,0.1246666666666666,0.2046666666666666
6144,3,short,2,0.178,0.1379999999999999,0.218
42,4,long,1,0.603,0.563,0.643
123,4,long,1,0.6163333333333333,0.5763333333333333,0.6563333333333333
456,4,long,1,0.6296666666666667,0.5896666666666667,0.6696666666666667
789,4,long,1,0.643,0.603,0.683
1024,4,long,1,0.6563333333333333,0.6163333333333333,0.6963333333333334
2048,4,long,1,0.6696666666666667,0.6296666666666667,0.7096666666666668
3072,4,long,1,0.683,0.643,0.7230000000000001
4096,4,long,1,0.6963333333333334,0.6563333333333333,0.7363333333333334
5120,4,long,1,0.7096666666666668,0.6696666666666667,0.7496666666666668
6144,4,long,1,0.7230000000000001,0.683,0.7630000000000001
42,4,long,2,0.342,0.302,0.382
123,4,long,2,0.3553333333333333,0.3153333333333333,0.3953333333333333
456,4,long,2,0.3686666666666667,0.3286666666666667,0.4086666666666667
789,4,long,2,0.382,0.342,0.422
1024,4,long,2,0.3953333333333333,0.3553333333333334,0.4353333333333333
2048,4,long,2,0.4086666666666667,0.3686666666666667,0.4486666666666666
3072,4,long,2,0.422,0.382,0.462
4096,4,long,2,0.4353333333333333,0.3953333333333333,0.4753333333333333
5120,4,long,2,0.4486666666666666,0.4086666666666667,0.4886666666666666
6144,4,long,2,0.462,0.422,0.502
42,4,short,1,0.478,0.438,0.518
123,4,short,1,0.4913333333333334,0.4513333333333334,0.5313333333333334
456,4,short,1,0.5046666666666667,0.4646666666666667,0.5446666666666667
789,4,short,1,0.518,0.478,0.558
1024,4,short,1,0.5313333333333334,0.4913333333333334,0.5713333333333335
2048,4,short,1,0.5446666666666667,0.5046666666666667,0.5846666666666668
3072,4,short,1,0.558,0.518,0.5980000000000001
4096,4,short,1,0.5713333333333335,0.5313333333333334,0.6113333333333335
5120,4,short,1,0.5846666666666668,0.5446666666666667,0.6246666666666668
6144,4,short,1,0.5980000000000001,0.558,0.6380000000000001
42,4,short,2,0.166,0.126,0.206
123,4,short,2,0.1793333333333333,0.1393333333333333,0.2193333333333333
456,4,short,2,0.1926666666666666,0.1526666666666666,0.2326666666666667
789,4,short,2,0.206,0.166,0.246
1024,4,short,2,0.2193333333333333,0.1793333333333333,0.2593333333333333
2048,4,short,2,0.2326666666666667,0.1926666666666666,0.2726666666666666
3072,4,short,2,0.246,0.206,0.286
4096,4,short,2,0.2593333333333333,0.2193333333333333,0.2993333333333333
5120,4,short,2,0.2726666666666667,0.2326666666666667,0.3126666666666667
6144,4,short,2,0.286,0.246,0.326
