block,branch,stage,rho_w_median,rho_w_q25,rho_w_q75,n_seeds
1,long,1,0.614,0.569,0.659,10
1,long,2,0.381,0.336,0.426,10
1,short,1,0.552,0.507,0.597,10
1,short,2,0.241,0.196,0.286,10
2,long,1,0.587,0.542,0.632,10
2,long,2,0.334,0.289,0.379,10
2,short,1,0.498,0.453,0.543,10
2,short,2,0.173,0.128,0.218,10
3,long,1,0.472,0.427,0.517,10
3,long,2,0.296,0.251,0.341,10
3,short,1,0.421,0.376,0.466,10
3,short,2,0.118,0.073,0.163,10
4,long,1,0.663,0.618,0.708,10
4,long,2,0.402,0.357,0.447,10
4,short,1,0.538,0.493,0.583,10
4,short,2,0.226,0.181,0.271,10
