model,horizon,MSE,RMSE,MAE,MAPE,R2,QLIKE,n_projected,frac_projected,n_qlike,floor
Persistence,1,0.8689786280671237,0.9321902316947565,0.6811378171191796,530.9487939843209,-0.7535420748834956,1099.4738068726865,1.0,0.00099601593625498,1004.0,0.0007896656792467049
Uncond mean,1,0.4960709997756409,0.7043230791161403,0.5370872886510557,696.5372135305987,-0.0010388542822874491,1.8477124731760586,0.0,0.0,1004.0,0.0007896656792467049
HAR-RV,1,0.44934418323561304,0.6703313980678609,0.5043102543491327,600.0991809064776,0.09325280742469266,1.7394481146295941,0.0,0.0,1004.0,0.0007896656792467049
Persistence,5,0.20799421940758428,0.45606383260195527,0.34224224373713813,45.356471278569224,0.08268546545244593,0.8189426850470101,0.0,0.0,1000.0,0.06091983811974733
Uncond mean,5,0.22802496028844196,0.4775195915231562,0.37651996977880886,57.478646079027406,-0.00565588268742756,0.5093114005122736,0.0,0.0,1000.0,0.06091983811974733
HAR-RV,5,0.16179913350589176,0.40224263014490613,0.30146268254292574,42.98201340756505,0.28641912614258613,0.37808748088462935,0.0,0.0,1000.0,0.06091983811974733
Persistence,10,0.14455715769963792,0.3802067302134957,0.29005789112850655,34.5564057892811,0.2031615523935274,0.4751338012676918,0.0,0.0,995.0,0.1392707573732671
Uncond mean,10,0.18274883189527785,0.42749132376608284,0.34294778283042054,44.73178364020629,-0.007361363675277621,0.37975612214773247,0.0,0.0,995.0,0.1392707573732671
HAR-RV,10,0.11948968607147396,0.3456728020418644,0.2642975055344621,32.28527882973285,0.34134028733454724,0.25839224228344865,0.0,0.0,995.0,0.1392707573732671
Persistence,20,0.09609875169328014,0.30999798659552635,0.23879560139930547,26.56728507706174,0.35403272610429437,0.27947473962796193,0.0,0.0,985.0,0.21300254754299186
Uncond mean,20,0.15010143205768675,0.3874292607143745,0.3148709044985902,37.10538902608398,-0.008968495070737825,0.29549204070976876,0.0,0.0,985.0,0.21300254754299186
HAR-RV,20,0.09225705743735448,0.30373846881380445,0.23131900239535508,25.72547877369428,0.37985625369351517,0.1880153644991678,0.0,0.0,985.0,0.21300254754299186
