series_model,n_full,n,mfdfa_full,rs_full,mfdfa,mfdfa_low,mfdfa_high,rs,rs_low,rs_high,bootstrap_reps,block_len
Target,995,100,1.068,0.907,0.872,0.802,0.932,0.811,0.742,0.868,1000,5
ARIMA,995,100,0.83,0.79,0.74,0.666,0.808,0.72,0.647,0.785,1000,5
LSTM,995,100,0.78,0.75,0.69,0.617,0.762,0.68,0.606,0.748,1000,5
GRU,995,100,0.76,0.73,0.68,0.607,0.75,0.66,0.589,0.73,1000,5
TCN,995,100,0.73,0.71,0.65,0.574,0.731,0.64,0.561,0.716,1000,5
Transformer,995,100,0.72,0.69,0.64,0.566,0.714,0.62,0.549,0.692,1000,5
Informer,995,100,0.7,0.68,0.63,0.557,0.703,0.61,0.54,0.682,1000,5
Frac-LSTM,995,100,0.66,0.64,0.6,0.531,0.684,0.59,0.519,0.663,1000,5
AdaFracTCN,995,100,0.61,0.6,0.56,0.506,0.634,0.55,0.489,0.622,1000,5
