model,horizon,mse_mean,mse_sd,qlike_mean,qlike_sd,ensemble_mse,ensemble_qlike,n_seeds
AdaFracTCN,1,0.429,0.0054,1.62,0.027,0.4249,1.6,10
Frac-LSTM,1,0.438,0.0058,1.66,0.03,0.4336,1.637,10
GRU,1,0.445,0.0071,1.704,0.038,0.4397,1.675,10
Informer,1,0.44,0.0061,1.674,0.033,0.4354,1.649,10
LSTM,1,0.447,0.0076,1.715,0.041,0.4413,1.684,10
TCN,1,0.442,0.0062,1.69,0.034,0.4374,1.664,10
Transformer,1,0.441,0.0065,1.68,0.036,0.4361,1.653,10
AdaFracTCN,5,0.151,0.0022,0.343,0.008,0.1493,0.337,10
Frac-LSTM,5,0.157,0.0025,0.36,0.009,0.1551,0.353,10
GRU,5,0.165,0.003,0.389,0.012,0.1628,0.38,10
Informer,5,0.1595,0.0026,0.369,0.01,0.1575,0.361,10
LSTM,5,0.166,0.0032,0.392,0.013,0.1636,0.382,10
TCN,5,0.162,0.0027,0.378,0.011,0.16,0.37,10
Transformer,5,0.1605,0.0028,0.373,0.011,0.1584,0.365,10
AdaFracTCN,10,0.1115,0.0013,0.234,0.005,0.1101,0.23,10
Frac-LSTM,10,0.1165,0.0021,0.246,0.006,0.1149,0.241,10
GRU,10,0.122,0.0024,0.267,0.008,0.1202,0.261,10
Informer,10,0.1185,0.0021,0.252,0.007,0.1169,0.247,10
LSTM,10,0.123,0.0025,0.27,0.008,0.1211,0.264,10
TCN,10,0.12,0.0018,0.259,0.007,0.1183,0.254,10
Transformer,10,0.119,0.0022,0.255,0.007,0.1173,0.25,10
AdaFracTCN,20,0.0845,0.0014,0.166,0.004,0.0835,0.163,10
Frac-LSTM,20,0.089,0.0016,0.177,0.004,0.0878,0.174,10
GRU,20,0.094,0.0019,0.193,0.006,0.0926,0.189,10
Informer,20,0.0908,0.0016,0.181,0.005,0.0896,0.177,10
LSTM,20,0.095,0.002,0.196,0.006,0.0935,0.192,10
TCN,20,0.0925,0.0017,0.188,0.005,0.0912,0.184,10
Transformer,20,0.0915,0.0017,0.184,0.005,0.0902,0.18,10
